date,year,words,path
2006-09-29 01:24:00,2006,436,3.rst
2006-09-29 10:04:00,2006,507,4.rst
2006-10-03 12:47:00,2006,64,5.rst
2006-10-05 23:17:00,2006,9,6.rst
2006-10-09 00:30:00,2006,109,hi-there.rst
2006-10-09 22:33:00,2006,251,wasting-money-takes-a-lot-of-research.rst
2006-10-09 23:09:00,2006,246,i-guess-theres-a-lot-i-dont-understand-about-religion.rst
2006-10-10 23:51:00,2006,1039,dont-lets-start.rst
2006-10-11 17:33:00,2006,171,look-at-me-but-dont-pay-attention.rst
2006-10-11 21:54:00,2006,53,to-hell-with-this.rst
2006-10-12 10:58:00,2006,53,copynight.rst
2006-10-13 11:17:00,2006,165,okay-so-i-cant-really-complain-about-my-ip-rights.rst
2006-10-13 15:03:00,2006,17,cheer-up-kriston.rst
2006-10-15 22:56:00,2006,406,java-made-less-godawful.rst
2006-10-16 15:58:00,2006,360,nice-dream.rst
2006-10-16 16:53:00,2006,71,processing-meets-baseball.rst
2006-10-17 20:13:00,2006,78,boobs.rst
2006-10-18 12:14:00,2006,109,hodgmania.rst
2006-10-18 12:50:00,2006,313,lawyers-in-the-court-of-halloween-judge-satan-presiding.rst
2006-10-18 16:07:00,2006,167,please-stop.rst
2006-10-18 19:21:00,2006,121,its-all-relative.rst
2006-10-20 11:16:00,2006,316,games-that-people-dont-want-to-play.rst
2006-10-23 14:21:00,2006,678,obedient-kind-clean-and-reverent-toward-hollywood.rst
2006-10-24 14:47:00,2006,513,hallowentertainment.rst
2006-10-24 21:51:00,2006,115,this-is-going-to-end-badly.rst
2006-10-25 10:48:00,2006,697,jagshemash.rst
2006-10-25 13:26:00,2006,118,blegs-are-best-when-theyre-enigmatic.rst
2006-10-25 20:31:00,2006,20,30-rock.rst
2006-10-26 01:50:00,2006,214,fun-with-lightbox-and-booze.rst
2006-10-30 14:13:00,2006,315,playing-dress-up.rst
2006-10-30 23:48:00,2006,176,we-got-into-a-serious-thing.rst
2006-10-31 16:57:00,2006,17,dear-santa-wonkette.rst
2006-11-01 14:36:00,2006,417,i-do-genuinely-miss-artomatic-though.rst
2006-11-01 21:39:00,2006,146,new-header-graphic.rst
2006-11-01 23:49:00,2006,319,scavenging.rst
2006-11-07 10:25:00,2006,428,like-a-bee.rst
2006-11-07 13:35:00,2006,603,part-man-part-machine-all-disenfranchising.rst
2006-11-08 01:36:00,2006,441,late-night.rst
2006-11-08 13:06:00,2006,80,rumsfelds-out.rst
2006-11-09 11:10:00,2006,458,suck-it-markets.rst
2006-11-09 12:30:00,2006,199,raising-awareness.rst
2006-11-12 21:56:00,2006,1005,steak-a-claim.rst
2006-11-13 11:07:00,2006,58,return-to-normalcy.rst
2006-11-14 23:03:00,2006,500,albums-i-cant-really-recommend.rst
2006-11-16 15:15:00,2006,252,shameful.rst
2006-11-19 16:48:00,2006,159,woe-is-wii.rst
2006-11-20 01:05:00,2006,26,49.rst
2006-11-20 10:18:00,2006,161,its-beginning-to-feel-a-lot-like-thanksgiving.rst
2006-11-21 11:20:00,2006,415,ah-science-reporting.rst
2006-11-21 15:24:00,2006,150,im-not-calling-it-a-conspiracy-yet.rst
2006-11-22 12:52:00,2006,85,53.rst
2006-11-26 17:34:00,2006,495,money-for-nothing-bits-for-free.rst
2006-11-27 13:28:00,2006,219,how-a-resurrection-really-looks.rst
2006-11-27 14:57:00,2006,21,from-the-rss-reader.rst
2006-11-29 00:53:00,2006,89,my-expert-analysis.rst
2006-11-29 13:14:00,2006,477,were-all-doomedentertained.rst
2006-11-30 11:57:00,2006,445,well-im-sick.rst
2006-12-04 13:34:00,2006,186,so-here-we-are.rst
2006-12-05 18:35:00,2006,364,unbitten.rst
2006-12-07 17:12:00,2006,267,stateside.rst
2006-12-08 12:41:00,2006,352,be-your-own-aronofsky.rst
2006-12-08 17:34:00,2006,48,exciting-only-to-me.rst
2006-12-11 14:53:00,2006,90,so-disappointed-that-i-cant-bring-myself-to-make-wii-puns.rst
2006-12-11 22:32:00,2006,264,progressing-with-processing.rst
2006-12-12 14:13:00,2006,12,compliance.rst
2006-12-12 14:53:00,2006,51,christmiscegenation.rst
2006-12-13 23:35:00,2006,20,its-different-when-they-say-it-to-each-other.rst
2006-12-15 13:49:00,2006,493,dress-your-company-in-corduroy-and-denim.rst
2006-12-15 17:17:00,2006,145,the-mantle-of-fanboydom.rst
2006-12-19 11:18:00,2006,251,do-me-a-favor.rst
2006-12-19 18:17:00,2006,181,but-hasnt-time-just-indemnified-all-of-us.rst
2006-12-20 00:30:00,2006,963,listing-badly.rst
2006-12-21 10:47:00,2006,779,irrelevant-revelations.rst
2006-12-21 11:58:00,2006,199,getting-presents-is-sort-of-like-wealth-redistribution-i-guess.rst
2006-12-22 10:51:00,2006,162,the-brink-of-despair.rst
2006-12-25 00:39:00,2006,123,christmas-eve-in-the-drunk-tank.rst
2006-12-25 01:11:00,2006,129,also.rst
2006-12-27 13:11:00,2006,112,oh-apple-not-you-too.rst
2006-12-31 14:07:00,2006,390,back.rst
2007-01-01 17:15:00,2007,158,welcome-to-2007-everybody.rst
2007-01-02 12:35:00,2007,1099,crack-rocks.rst
2007-01-02 22:58:00,2007,7,i-guess-the-music-was-kind-of-loud.rst
2007-01-03 11:19:00,2007,244,electrical-pedantry.rst
2007-01-03 14:40:00,2007,114,more-on-the-aacs-exploit.rst
2007-01-03 16:36:00,2007,414,by-sort-of-popular-demand.rst
2007-01-04 14:21:00,2007,563,the-new-sign-is-really-working.rst
2007-01-05 15:53:00,2007,519,blaming-everyone-else-for-my-ignorance.rst
2007-01-06 13:53:00,2007,189,that-looks-familiar.rst
2007-01-09 21:32:00,2007,643,the-washington-post-talks-to-bloggers.rst
2007-01-10 01:57:00,2007,38,new-header.rst
2007-01-10 10:32:00,2007,62,yet-another-new-header.rst
2007-01-10 14:28:00,2007,474,dont-fight-the-future.rst
2007-01-16 14:24:00,2007,255,retreat-not-surrender.rst
2007-01-16 14:37:00,2007,80,defending-my-honor.rst
2007-01-16 17:55:00,2007,163,its-real.rst
2007-01-17 21:12:00,2007,507,asciimation.rst
2007-01-18 00:14:00,2007,68,get-got.rst
2007-01-18 17:13:00,2007,67,tlrx.rst
2007-01-21 13:11:00,2007,87,crime.rst
2007-01-21 14:05:00,2007,398,more-crime.rst
2007-01-21 22:52:00,2007,28,snow-makes-everything-look-dramatic.rst
2007-01-22 12:21:00,2007,36,almost-famous.rst
2007-01-23 16:11:00,2007,94,in-the-same-issue.rst
2007-01-23 17:03:00,2007,305,nonstandard-dot-net.rst
2007-01-23 18:11:00,2007,92,blu-ray-goes-down.rst
2007-01-24 22:25:00,2007,25,muslix64-speaks.rst
2007-01-25 12:13:00,2007,184,new-tools-for-internet-gossips.rst
2007-01-26 15:29:00,2007,1075,fighting-movable-type-comment-spam-part-1.rst
2007-01-27 13:43:00,2007,1830,fighting-movable-type-comment-spam-part-2.rst
2007-01-29 00:16:00,2007,2132,fighting-movable-type-comment-spam-part-3.rst
2007-01-29 01:29:00,2007,353,fighting-movable-type-comment-spam-part-4.rst
2007-01-30 13:50:00,2007,97,the-latest-advance-from-hell-labs.rst
2007-01-31 15:46:00,2007,876,its-all-just-bits.rst
2007-01-31 21:25:00,2007,748,say-goodbye-cavemen.rst
2007-01-31 23:15:00,2007,13,on-a-more-electronics-friendly-note.rst
2007-02-01 16:34:00,2007,143,better-full-text-rss.rst
2007-02-02 12:16:00,2007,682,sommers-star-turn.rst
2007-02-04 13:32:00,2007,79,bands-you-already-like-without-knowing-it.rst
2007-02-04 17:16:00,2007,501,automatically-using-the-coral-cdn.rst
2007-02-07 12:29:00,2007,453,smysteries-revealed.rst
2007-02-07 12:44:00,2007,195,we-love-to-build.rst
2007-02-07 14:45:00,2007,591,to-touch-the-face-of-deliciousness.rst
2007-02-08 00:00:00,2007,470,this-is-a-seriously-big-deal.rst
2007-02-11 21:18:00,2007,47,its-kind-of-like-a-spanish-vampire.rst
2007-02-12 12:16:00,2007,556,music-things.rst
2007-02-12 16:17:00,2007,234,128.rst
2007-02-13 10:51:00,2007,106,did-everybody-wash-their-necks-like-mr-burns-asked.rst
2007-02-14 11:27:00,2007,32,you-know-a-band-is-hot.rst
2007-02-14 13:01:00,2007,469,everythings-terrible.rst
2007-02-15 13:48:00,2007,135,rock-show.rst
2007-02-19 18:20:00,2007,112,a-belated-valentine.rst
2007-02-19 18:40:00,2007,254,superheroics.rst
2007-02-20 18:44:00,2007,165,whine-whine-whine.rst
2007-02-20 21:11:00,2007,16,136.rst
2007-02-25 23:17:00,2007,507,another-triumphant-return.rst
2007-02-26 11:10:00,2007,206,boo.rst
2007-02-26 14:03:00,2007,303,so-heres-something-kind-of-fun.rst
2007-02-27 14:42:00,2007,135,the-fruits-of-our-labors.rst
2007-02-28 00:26:00,2007,219,making-a-difference.rst
2007-02-28 21:20:00,2007,141,living-up-to-this-blogs-name.rst
2007-03-01 23:54:00,2007,374,an-embarrassment-of-riches.rst
2007-03-02 21:25:00,2007,401,keeping-promises.rst
2007-03-10 15:30:00,2007,79,im-back-sort-of.rst
2007-03-14 12:30:00,2007,212,sitting-down-is-unbelievably-great.rst
2007-03-14 17:05:00,2007,4074,similarity-matrix-2.rst
2007-03-15 01:14:00,2007,867,sweet-sweet-swag.rst
2007-03-15 01:36:00,2007,153,149.rst
2007-03-15 10:31:00,2007,169,conspiracy-theories.rst
2007-03-16 00:16:00,2007,141,he-also-killed-a-rabbit-with-a-stick.rst
2007-03-16 14:42:00,2007,647,i-have-talented-friends.rst
2007-03-17 11:56:00,2007,183,oldies-but-goodies.rst
2007-03-17 16:15:00,2007,391,the-early-bird.rst
2007-03-17 21:17:00,2007,233,whoops.rst
2007-03-19 17:51:00,2007,729,diary-of-an-antisocial-gentrifier.rst
2007-03-20 00:41:00,2007,689,it-doesnt-have-to-be-this-way.rst
2007-03-20 14:17:00,2007,84,movable-type-is-not-a-source-control-system.rst
2007-03-21 11:59:00,2007,609,or-maybe-this-blend-just-induces-conspiracy-theorizing.rst
2007-03-21 14:01:00,2007,42,via-boingboing.rst
2007-03-22 10:30:00,2007,419,i-already-have-a-perfectly-good-internet.rst
2007-03-22 13:34:00,2007,103,i-meant-to-post-this-yesterday.rst
2007-03-22 15:32:00,2007,22,its-sunny-and-beautiful-outside.rst
2007-03-23 18:06:00,2007,46,6-pm-on-friday.rst
2007-03-23 19:27:00,2007,35,recipe-for-disaster.rst
2007-03-27 14:40:00,2007,638,miracle-financial-and-verizon-wireless-are-scumbags.rst
2007-03-27 15:31:00,2007,218,californiaaaaa.rst
2007-03-27 23:41:00,2007,68,ted-stevens-was-close.rst
2007-03-28 13:02:00,2007,641,rebel-without-a-pause.rst
2007-03-28 14:04:00,2007,42,drink-the-change-you-want-to-see-in-the-world.rst
2007-03-28 15:52:00,2007,12,this-is-pretty-neat.rst
2007-03-29 12:08:00,2007,521,science-journalism.rst
2007-03-30 14:31:00,2007,8,this-is-some-bullshit.rst
2007-03-31 11:40:00,2007,400,the-right-man-for-the-job.rst
2007-03-31 20:12:00,2007,86,success.rst
2007-03-31 20:20:00,2007,82,more-importantly.rst
2007-04-02 10:38:00,2007,213,secret-cvs.rst
2007-04-02 10:51:00,2007,344,cvs-sociology.rst
2007-04-02 14:32:00,2007,869,are-we-still-playing-net-neutrality-if-so-i-want-in.rst
2007-04-02 16:44:00,2007,435,full-size-images-in-flickr-rss-feeds.rst
2007-04-03 11:14:00,2007,123,april-fools.rst
2007-04-03 11:27:00,2007,18,i-want-one-of-these.rst
2007-04-04 14:41:00,2007,95,id-just-like-to-note.rst
2007-04-04 15:27:00,2007,395,technologies-that-im-inappropriately-excited-about.rst
2007-04-04 22:52:00,2007,165,god-dammit.rst
2007-04-05 11:50:00,2007,766,or-we-could-take-the-spartans-approach.rst
2007-04-05 15:28:00,2007,76,taxation-without-competent-representation.rst
2007-04-05 17:42:00,2007,68,at-the-irish-channel-pub.rst
2007-04-06 17:39:00,2007,757,put-awesome-music-on-your-internet-website.rst
2007-04-06 18:26:00,2007,225,urls-you-can-never-have-too-many-of-those.rst
2007-04-07 16:47:00,2007,150,fight-clubs-gone.rst
2007-04-11 11:00:00,2007,127,my-friend-charles-plays-rock-and-roll.rst
2007-04-12 00:36:00,2007,179,post-rock.rst
2007-04-12 01:25:00,2007,53,this-is-really-pretty-great.rst
2007-04-12 10:51:00,2007,270,195.rst
2007-04-12 14:05:00,2007,167,net-news-wire-sucks.rst
2007-04-13 19:43:00,2007,208,surely-this-means-something.rst
2007-04-16 10:22:00,2007,238,where-ive-been.rst
2007-04-16 20:46:00,2007,134,coverage-of-the-virginia-tech-tragedy-i-have-seen-in-ascending-order-of-shamefulness.rst
2007-04-16 23:57:00,2007,293,200.rst
2007-04-17 11:43:00,2007,53,flips.rst
2007-04-17 15:08:00,2007,95,for-charles.rst
2007-04-18 10:06:00,2007,44,peter-bjorn-and-john-boy.rst
2007-04-18 10:14:00,2007,343,not-even-trying.rst
2007-04-18 12:40:00,2007,98,pr0m.rst
2007-04-18 13:35:00,2007,205,two-neuroscience-links.rst
2007-04-20 10:59:00,2007,685,giant-nazi-robots.rst
2007-04-20 11:40:00,2007,133,alternate-venue.rst
2007-04-22 11:24:00,2007,205,nabopoll-is-terrible-software-dont-use-it.rst
2007-04-23 11:25:00,2007,380,still-better-full-text-rss.rst
2007-04-23 12:30:00,2007,632,enough-with-the-fucking-bees.rst
2007-04-23 14:15:00,2007,41,rss-is-fixed.rst
2007-04-23 14:38:00,2007,100,new-header-2.rst
2007-04-24 11:22:00,2007,55,needless-to-say.rst
2007-04-24 11:48:00,2007,93,arduino-arduous.rst
2007-04-24 23:59:00,2007,406,to-the-mice.rst
2007-04-25 22:51:00,2007,184,at-war-with-the-vegans.rst
2007-04-27 15:09:00,2007,108,a-year-from-now-ill-have-read-anna-karenina.rst
2007-04-27 17:35:00,2007,51,another-victory-for-talking-out-of-my-ass.rst
2007-04-30 15:17:00,2007,6,pixellated-baby-talk.rst
2007-04-30 17:27:00,2007,216,is-everyone-still-sick-of-photomosaics.rst
2007-05-01 11:11:00,2007,819,money-advice.rst
2007-05-01 17:13:00,2007,8,more-in-sadness-than-in-anger.rst
2007-05-02 11:03:00,2007,244,lewdness-isnt-a-choice.rst
2007-05-02 15:55:00,2007,40,if-i-dont-write-properly-commented-code.rst
2007-05-03 11:26:00,2007,903,numbers-arent-just-numbers.rst
2007-05-04 17:07:00,2007,28,alas.rst
2007-05-07 14:56:00,2007,221,not-to-be-a-downer.rst
2007-05-07 15:10:00,2007,10,one-less-friend-with-a-real-job.rst
2007-05-08 21:03:00,2007,447,progress.rst
2007-05-08 21:26:00,2007,25,an-important-american-idol-related-query.rst
2007-05-08 21:55:00,2007,48,fight-dmca-abuses-without-actually-doing-anything.rst
2007-05-09 12:07:00,2007,2,twitter-ca.rst
2007-05-09 14:41:00,2007,65,move-over-eyeball-skeleton.rst
2007-05-10 11:00:00,2007,28,whoops-2.rst
2007-05-10 12:54:00,2007,699,the-internet-like-an-electronic-elephant.rst
2007-05-10 14:33:00,2007,8,lolnalyses.rst
2007-05-11 12:21:00,2007,35,an-embarrassment-of-pretzels.rst
2007-05-13 16:44:00,2007,130,date-with-ikea.rst
2007-05-14 10:37:00,2007,186,an-academical-village-is-at-least-unambiguously-stupid.rst
2007-05-14 15:42:00,2007,114,mission-300-accomplished.rst
2007-05-14 17:08:00,2007,37,concerts.rst
2007-05-15 14:12:00,2007,410,me-being-cheap-in-two-parts.rst
2007-05-16 10:59:00,2007,73,webebrity.rst
2007-05-16 11:07:00,2007,77,it-scares-me-when-mommy-and-daddy-fight.rst
2007-05-16 16:34:00,2007,65,le-loup.rst
2007-05-16 18:10:00,2007,876,the-problem-with-automating-forgetfulness.rst
2007-05-17 14:23:00,2007,254,civic-pride.rst
2007-05-23 12:14:00,2007,117,since-youve-been-gone.rst
2007-05-24 10:16:00,2007,163,h-street.rst
2007-05-24 16:14:00,2007,19,good-things-can-come-out-of-4-hour-meetings.rst
2007-05-25 10:47:00,2007,151,life-choices.rst
2007-05-27 16:08:00,2007,29,new-header-3.rst
2007-05-29 10:13:00,2007,166,lost-at-seaside.rst
2007-05-29 22:28:00,2007,477,255.rst
2007-05-31 11:55:00,2007,151,dinosaur-or-pirate-ship.rst
2007-06-04 12:37:00,2007,260,beach-accomplished.rst
2007-06-04 13:11:00,2007,295,cheaper-automation-magic.rst
2007-06-05 09:17:00,2007,505,embarrassing-your-drunk-andor-famous-friends-on-the-internet.rst
2007-06-05 10:46:00,2007,464,pity-preempted.rst
2007-06-05 12:11:00,2007,36,blacktop-bad-vibrations.rst
2007-06-06 11:27:00,2007,171,public-life-of-a-cat.rst
2007-06-06 13:28:00,2007,366,turn-off-the-bright-line.rst
2007-06-07 14:15:00,2007,436,the-escalator-at-the-top-of-the-mountain.rst
2007-06-07 16:44:00,2007,183,google-immortality.rst
2007-06-08 11:41:00,2007,44,blogospheric-cross-pollination.rst
2007-06-10 11:46:00,2007,236,not-dead-yet.rst
2007-06-10 14:11:00,2007,237,time-warner-and-traffic-shaping.rst
2007-06-10 15:42:00,2007,55,now-kriston-will-understand.rst
2007-06-10 23:45:00,2007,551,a-late-debut-in-the-field-of-sopranos-blogging.rst
2007-06-11 12:06:00,2007,36,local-media.rst
2007-06-12 17:51:00,2007,70,a-whole-big-thing.rst
2007-06-13 10:17:00,2007,372,if-youre-mute-speak-up-now.rst
2007-06-13 10:48:00,2007,45,comment-rss-fixedish.rst
2007-06-14 11:34:00,2007,367,could-be-worse-a-ok.rst
2007-06-15 11:15:00,2007,893,beat-me-to-it.rst
2007-06-17 19:05:00,2007,290,fantastic-four.rst
2007-06-18 00:03:00,2007,335,my-opinions-about-hbo-programming-continue-to-be-important.rst
2007-06-18 14:59:00,2007,966,open-source-and-inventiveness.rst
2007-06-19 10:17:00,2007,319,sicko.rst
2007-06-19 11:37:00,2007,277,the-perfectly-rated-list-is-slightly-overrated.rst
2007-06-19 12:40:00,2007,5,gerrymandering-the-game.rst
2007-06-20 15:31:00,2007,34,the-chemical-basis-of-karma.rst
2007-06-22 13:32:00,2007,572,all-documentary-reviews-all-the-time.rst
2007-06-23 01:35:00,2007,35,a-rhetorical-question.rst
2007-06-25 11:42:00,2007,411,ants.rst
2007-06-26 12:06:00,2007,73,a-topic-for-debate.rst
2007-06-27 12:19:00,2007,567,pa-c2-a2ta-c2-a9-infringement.rst
2007-06-27 16:06:00,2007,431,big-i-tell-you-big.rst
2007-06-29 16:51:00,2007,457,weirdos-from-the-internet.rst
2007-07-02 11:38:00,2007,8,the-bourne-approximation.rst
2007-07-02 20:40:00,2007,220,todays-ip-violation-news.rst
2007-07-04 16:28:00,2007,464,293.rst
2007-07-06 10:53:00,2007,159,hello.rst
2007-07-06 13:34:00,2007,153,frolf.rst
2007-07-08 18:57:00,2007,210,andy-and-lee-ann-done-got-married.rst
2007-07-08 19:26:00,2007,347,like-everyone-else-on-the-internet-im-getting-a-new-phone.rst
2007-07-08 23:07:00,2007,328,reading-material.rst
2007-07-10 12:17:00,2007,264,its-still-not-the-future.rst
2007-07-10 12:51:00,2007,396,georgie-james-middle-distance-runner.rst
2007-07-12 10:56:00,2007,264,wooounbuckledwoo.rst
2007-07-12 20:23:00,2007,529,better-google-mapsmetro-integration.rst
2007-07-12 21:53:00,2007,72,the-city-paper-on-lns.rst
2007-07-12 23:08:00,2007,547,unfoggedbot.rst
2007-07-13 13:50:00,2007,109,follow-up.rst
2007-07-13 15:33:00,2007,189,liveblogging-globalization.rst
2007-07-17 10:16:00,2007,199,late-but-once-again-able-to-read.rst
2007-07-17 11:03:00,2007,210,membership-has-its-privileges-theyre-just-all-kind-of-lame.rst
2007-07-17 17:33:00,2007,187,raise-your-hand-if-you-learned-the-word-cloture-in-school.rst
2007-07-18 14:44:00,2007,76,not-even-a-day.rst
2007-07-18 15:06:00,2007,367,screenscrapers-rejoice.rst
2007-07-18 16:28:00,2007,97,meaningful-applications-for-technology.rst
2007-07-19 13:25:00,2007,1073,universal-seething-hatred-is-a-good-sign-that-somethings-wrong.rst
2007-07-20 15:55:00,2007,25,die-die.rst
2007-07-23 11:15:00,2007,327,tech-links.rst
2007-07-23 12:16:00,2007,46,the-beautiful-people.rst
2007-07-23 14:19:00,2007,365,harry-potter-and-the-inevitable-blog-post.rst
2007-07-23 22:44:00,2007,485,man-versus-wild-versus-authenticity.rst
2007-07-24 10:57:00,2007,27,meenster.rst
2007-07-24 11:03:00,2007,131,the-primary-will-be-conducted-on-facebook.rst
2007-07-24 11:24:00,2007,31,fall-tv.rst
2007-07-24 15:52:00,2007,167,last-years-model.rst
2007-07-25 12:09:00,2007,1635,expecto-patronum-is-not-valid-syntax.rst
2007-07-27 11:19:00,2007,130,tmlmtbgb.rst
2007-07-27 16:03:00,2007,21,command-line-rock.rst
2007-07-30 09:55:00,2007,123,city-livin.rst
2007-07-30 10:02:00,2007,255,bonus-additional-whining.rst
2007-07-30 13:58:00,2007,87,the-weekend-in-tags.rst
2007-07-30 17:41:00,2007,1317,tlf-on-google.rst
2007-08-01 11:03:00,2007,117,all-better.rst
2007-08-01 11:25:00,2007,198,short-reviews-of-albums-youve-already-heard.rst
2007-08-03 11:47:00,2007,198,twitter-evangelism-take-two.rst
2007-08-03 13:04:00,2007,48,a-quick-but-extremely-important-poll.rst
2007-08-08 12:26:00,2007,440,six-flags-over-suburban-maryland.rst
2007-08-08 12:47:00,2007,265,poor-direction-at-the-intersection.rst
2007-08-08 20:00:00,2007,8,what-yanp-said.rst
2007-08-09 10:37:00,2007,31,fort-reno.rst
2007-08-09 12:15:00,2007,99,virgin-atlantic.rst
2007-08-09 15:00:00,2007,46,new-pukka.rst
2007-08-09 18:19:00,2007,179,but-wait-theres-more.rst
2007-08-11 12:25:00,2007,501,or-i-could-just-make-more-fake-red-bull-with-the-carbonator.rst
2007-08-14 12:03:00,2007,1146,race-for-the-prize.rst
2007-08-14 13:59:00,2007,14,jason-schwartzman-can-write-catchy-songs-about-california.rst
2007-08-15 14:40:00,2007,711,science-journalism-still-terrible.rst
2007-08-16 10:42:00,2007,148,elvis-death-day.rst
2007-08-16 10:52:00,2007,24,i-shouldve-listened-to-the-threat-down.rst
2007-08-16 11:10:00,2007,41,work-that-you-might-enjoy-doing-for-free.rst
2007-08-18 11:50:00,2007,242,comcast-is-killing-bittorrent.rst
2007-08-20 00:14:00,2007,67,yahoo-pipes-and-php.rst
2007-08-20 10:35:00,2007,96,fair-enough.rst
2007-08-20 11:29:00,2007,5,hey.rst
2007-08-20 21:28:00,2007,345,admitting-defeat.rst
2007-08-21 11:03:00,2007,137,slightly-more-heliocentrism.rst
2007-08-21 17:38:00,2007,417,what-a-bunch-of-crooks.rst
2007-08-22 10:29:00,2007,217,some-links.rst
2007-08-22 13:17:00,2007,13,this-is-totally-badass.rst
2007-08-23 11:13:00,2007,218,i-have-been-remiss.rst
2007-08-23 12:39:00,2007,168,more-than-you-probably-wanted-to-know-about-audio-compression.rst
2007-08-25 11:29:00,2007,28,comment-feed-finally-fixed.rst
2007-08-26 14:47:00,2007,226,7-for-a-wii-modchip.rst
2007-08-26 15:40:00,2007,1715,cleanly-redirecting-users-from-your-old-typepad-site.rst
2007-08-27 10:42:00,2007,284,a-little-more-on-migrating-from-typepad-to-movable-type.rst
2007-08-27 11:26:00,2007,132,freakonomics-full-text-feed.rst
2007-08-27 14:59:00,2007,47,alternate-status-hierarchies.rst
2007-08-27 18:03:00,2007,62,unfoggedbot-source-code.rst
2007-08-28 11:16:00,2007,538,is-unlocking-the-iphone-legal.rst
2007-08-29 14:44:00,2007,59,love-like-fire.rst
2007-08-31 13:23:00,2007,177,lets-dance-to-joy-division.rst
2007-09-05 10:55:00,2007,660,tech-things.rst
2007-09-10 11:06:00,2007,131,the-house-is-full-of-love.rst
2007-09-10 22:58:00,2007,75,dorkbot-dc.rst
2007-09-10 23:14:00,2007,11,asdfr111.rst
2007-09-11 17:15:00,2007,388,iron-man-justified.rst
2007-09-12 09:34:00,2007,19,blog-blog-blog.rst
2007-09-12 11:29:00,2007,664,more-like-jerksmith-see-i-know-comedy.rst
2007-09-17 10:59:00,2007,207,barely-returned.rst
2007-09-17 14:28:00,2007,312,like-having-a-disease-named-after-you.rst
2007-09-17 17:48:00,2007,197,plus-time-equals-comedy.rst
2007-09-19 10:59:00,2007,15,nyt-rss-psa.rst
2007-09-19 18:18:00,2007,151,iphone-users-versus-apple-via-the-dmca.rst
2007-09-24 10:01:00,2007,220,d-war.rst
2007-09-25 11:13:00,2007,132,stating-the-obvious.rst
2007-09-26 18:02:00,2007,1362,girls-like-mystery.rst
2007-09-27 14:15:00,2007,70,ive-got-reservations.rst
2007-10-01 14:37:00,2007,407,out-of-curiousity.rst
2007-10-01 17:19:00,2007,147,internet-strategists-hate-america.rst
2007-10-02 12:34:00,2007,1757,ip-piracy-is-just-like-terrorism-and-vice-versa.rst
2007-10-02 14:41:00,2007,158,shows-what-i-know.rst
2007-10-03 15:29:00,2007,127,the-pitch.rst
2007-10-04 11:54:00,2007,414,the-bleeding-edge.rst
2007-10-04 16:57:00,2007,93,feist.rst
2007-10-09 16:38:00,2007,321,a-rebuttal.rst
2007-10-10 13:58:00,2007,618,wealth-but-no-wages.rst
2007-10-10 20:05:00,2007,115,productive-things-i-have-tried-and-failed-to-do-tonight.rst
2007-10-11 13:17:00,2007,28,part-of-my-halloween-costume.rst
2007-10-12 13:36:00,2007,247,i-assert-my-moral-right-to-deliciousness.rst
2007-10-12 14:39:00,2007,28,i-made-a-twitterbot.rst
2007-10-12 19:56:00,2007,31,gilbert-arenas-is-launching-a-cartoon.rst
2007-10-15 10:23:00,2007,58,the-legends-are-true.rst
2007-10-15 16:57:00,2007,427,if-only-we-could-drink-gasoline.rst
2007-10-16 14:49:00,2007,1068,hypem-revivified-then-vivisected.rst
2007-10-17 16:49:00,2007,361,i-got-burgled.rst
2007-10-17 17:08:00,2007,97,why-yes-i-do-have-the-tv-on-in-the-background.rst
2007-10-19 19:43:00,2007,432,im-going-to-blow-this-thing-wide-open.rst
2007-10-22 14:55:00,2007,45,evdo-on-the-cheap.rst
2007-10-22 15:03:00,2007,36,attention-lolcats-dead-enders.rst
2007-10-22 17:16:00,2007,78,comcast.rst
2007-10-29 15:41:00,2007,213,its-mostly-just-shots-of-the-smoke-machine-anyway.rst
2007-10-31 15:37:00,2007,359,take-your-medicine.rst
2007-10-31 15:52:00,2007,553,also-there-was-halloween.rst
2007-10-31 17:58:00,2007,104,the-international-language-of-spookiness.rst
2007-11-01 21:38:00,2007,1236,let-the-dream-die.rst
2007-11-01 23:13:00,2007,20,following-in-the-prestigious-footsteps-of-rolling-stone-and-vh1.rst
2007-11-02 11:19:00,2007,49,offline.rst
2007-11-04 22:30:00,2007,48,all-better-2.rst
2007-11-05 10:58:00,2007,249,ich-ma-c2-b6chte-nicht-ihre-gruppe-verbinden.rst
2007-11-07 13:32:00,2007,30,imperialism-journalism.rst
2007-11-10 18:47:00,2007,580,actual-institute-may-not-match-photo.rst
2007-11-13 11:24:00,2007,142,blog-mitzvah.rst
2007-11-13 15:52:00,2007,259,there-was-a-weekend-and-i-participated-in-it.rst
2007-11-14 10:40:00,2007,42,now-with-less-broken.rst
2007-11-14 11:14:00,2007,356,the-internet-is-just-a-tool.rst
2007-11-14 16:55:00,2007,178,notes-for-myself.rst
2007-11-15 10:43:00,2007,162,entropy-pro-and-con.rst
2007-11-15 12:29:00,2007,238,dear-internet.rst
2007-11-20 14:51:00,2007,206,i-am-returned.rst
2007-11-23 13:26:00,2007,495,everything-is-connected.rst
2007-11-23 19:32:00,2007,38,all-brooding-westerns-all-the-time.rst
2007-11-25 13:20:00,2007,295,give-a-give-a-give-a-garmin.rst
2007-11-26 16:14:00,2007,818,lets-pick-on-a-different-mp3-aggregator-for-a-change.rst
2007-11-26 22:10:00,2007,196,well-that-was-a-big-waste-of-time.rst
2007-11-28 17:41:00,2007,362,432.rst
2007-12-02 23:16:00,2007,121,sometimes-i-watch-movies.rst
2007-12-03 14:54:00,2007,283,er-sorry-about-that.rst
2007-12-03 15:19:00,2007,86,really-really-pathetic.rst
2007-12-05 11:10:00,2007,204,and-i-awoke-and-found-me-here-on-the-cold-capitol-hills-side.rst
2007-12-05 13:52:00,2007,46,gray-skies-look-cheerful-when-theyre-full-of-snow.rst
2007-12-05 23:41:00,2007,251,weird.rst
2007-12-13 10:41:00,2007,195,screwing-around-with-la-fonera.rst
2007-12-13 12:19:00,2007,43,before-the-shame.rst
2007-12-13 12:50:00,2007,68,more-command-line-rock.rst
2007-12-13 13:34:00,2007,5,dances-with-the-proportional-syncopation-of-a-spider.rst
2007-12-16 18:59:00,2007,203,at-least-the-title-is-descriptive.rst
2007-12-17 15:14:00,2007,942,the-year-in-whining-also-music.rst
2007-12-17 19:57:00,2007,59,its-all-true.rst
2007-12-18 00:27:00,2007,195,success-2.rst
2007-12-20 11:45:00,2007,344,hey-have-some-christmas-music.rst
2007-12-20 15:39:00,2007,328,defiant-orthodoxy.rst
2007-12-21 16:34:00,2007,98,do-as-the-man-says-nintendo.rst
2007-12-23 02:32:00,2007,562,biting-the-hand-that-downloads-you.rst
2007-12-26 13:03:00,2007,509,or-we-could-just-give-predator-some-tax-breaks.rst
2008-01-01 22:58:00,2008,165,back-slowly.rst
2008-01-02 08:20:00,2008,510,better-to-be-thought-a-fool.rst
2008-01-03 10:41:00,2008,52,there-is-nothing-worse-than-tempeh.rst
2008-01-03 12:11:00,2008,373,weve-still-only-set-the-apartment-on-fire-once.rst
2008-01-04 13:13:00,2008,223,so-long-as-everyones-buying-ram.rst
2008-01-07 10:21:00,2008,156,there-will-be-snot.rst
2008-01-07 11:01:00,2008,122,xbox-live.rst
2008-01-08 10:33:00,2008,496,the-denials-get-weaker.rst
2008-01-08 11:06:00,2008,33,comments-fixed-again.rst
2008-01-08 11:33:00,2008,196,speaking-of-pretentiously-high-fidelity.rst
2008-01-11 14:54:00,2008,194,descent.rst
2008-01-16 12:20:00,2008,339,the-writers-strike.rst
2008-01-18 12:00:00,2008,431,dc-taxis.rst
2008-01-18 12:18:00,2008,549,libertarians-under-the-sea.rst
2008-01-22 11:04:00,2008,323,we-were-dead-before-the-ship-even-blew-all-its-money-on-a-useless-superbowl-commercial.rst
2008-01-23 11:34:00,2008,661,nba-league-pass-from-across-many-leagues.rst
2008-01-24 11:42:00,2008,188,iphone-presence-detection.rst
2008-01-24 11:50:00,2008,325,cablemodem-bleg.rst
2008-01-28 11:49:00,2008,114,pull-shapes-remix.rst
2008-01-28 16:46:00,2008,628,i-read-blogs.rst
2008-02-04 11:32:00,2008,143,it-feels-like-the-big-easy-wasnt.rst
2008-02-04 17:57:00,2008,225,re-up-as-in-upload.rst
2008-02-05 10:38:00,2008,46,vindication.rst
2008-02-06 23:42:00,2008,780,george-bush-isnt-the-only-one.rst
2008-02-08 12:34:00,2008,98,a-stipulation.rst
2008-02-13 11:26:00,2008,35,candy-heart-delectability-by-color.rst
2008-02-13 12:11:00,2008,434,hindsight.rst
2008-02-19 20:58:00,2008,657,a-return-to-characteristically-self-absorbed-form.rst
2008-02-20 15:59:00,2008,506,busted.rst
2008-02-21 19:04:00,2008,172,sick-again.rst
2008-02-25 11:18:00,2008,171,nothing-happened.rst
2008-02-26 11:00:00,2008,22,investment-opportunity.rst
2008-02-26 11:11:00,2008,116,to-say-nothing-of-the-mummy-threat.rst
2008-02-26 17:28:00,2008,65,music.rst
2008-02-28 12:26:00,2008,59,tautologous-but-highly-patentable.rst
2008-02-28 16:51:00,2008,210,its-actually-70-love-songs-but-one-of-them-is-about-gum.rst
2008-02-29 12:31:00,2008,680,resignation-is-not-a-technical-opinion.rst
2008-02-29 15:09:00,2008,1112,central-planning-better-for-technical-standards-than-for-economies.rst
2008-03-03 15:29:00,2008,751,killer-car.rst
2008-03-06 11:22:00,2008,177,suddenly-keytars-seem-so-staid.rst
2008-03-06 14:11:00,2008,470,sure-its-sleazy-but-it-holds-to-a-proud-tradition-of-sleaze.rst
2008-03-07 11:11:00,2008,71,constructive-criticism.rst
2008-03-07 11:37:00,2008,91,sometimes-the-bear-well-he-wrassles-you.rst
2008-03-07 14:14:00,2008,71,crowdsourcing-a-conspiracy.rst
2008-03-10 11:56:00,2008,313,the-march-of-progress.rst
2008-03-17 10:25:00,2008,179,the-shining-star-jingle-claims-its-prey.rst
2008-03-17 11:01:00,2008,26,also-2.rst
2008-03-17 13:30:00,2008,38,check-me-out.rst
2008-03-18 11:07:00,2008,952,smash.rst
2008-03-19 13:03:00,2008,1789,puerto-rico-exhaustively.rst
2008-03-19 17:25:00,2008,48,yuck.rst
2008-03-20 13:34:00,2008,277,the-war-is-over.rst
2008-03-22 18:27:00,2008,29,sneak-peek.rst
2008-03-25 14:06:00,2008,21,one-night-only.rst
2008-03-26 12:05:00,2008,286,dorkbot-dc-arduino-meet-fonera.rst
2008-03-27 11:38:00,2008,477,the-project-for-an-organo-american-century.rst
2008-03-27 21:31:00,2008,557,muxtape-unraveled.rst
2008-03-28 12:25:00,2008,1712,surprisingly-i-dont-consider-myself-a-jerk.rst
2008-04-02 11:58:00,2008,110,firefox-3-beta-4.rst
2008-04-02 13:30:00,2008,97,thanks-virgin-america.rst
2008-04-02 13:51:00,2008,164,virgin-america-still-evil-but-now-defeatable.rst
2008-04-03 12:31:00,2008,56,talented-friends.rst
2008-04-03 13:54:00,2008,76,ick.rst
2008-04-07 16:10:00,2008,523,untoothsome.rst
2008-04-08 15:29:00,2008,52,the-least-of-their-problems.rst
2008-04-09 10:29:00,2008,522,stupid-is-cheap.rst
2008-04-09 10:54:00,2008,67,they-closed-purgatory-im-tempting-my-luck.rst
2008-04-09 11:19:00,2008,153,dear-people-on-facebook.rst
2008-04-10 14:31:00,2008,81,human-readable.rst
2008-04-11 14:03:00,2008,200,laser-harp.rst
2008-04-13 22:38:00,2008,251,something-like-an-epiphenomenon.rst
2008-04-14 14:42:00,2008,8,slurpees.rst
2008-04-14 14:49:00,2008,32,ghost-stories.rst
2008-04-15 00:01:00,2008,665,one-man-is-an-island.rst
2008-04-16 16:28:00,2008,293,boarduino.rst
2008-04-17 17:19:00,2008,64,back-from-the-dentist.rst
2008-04-18 18:01:00,2008,742,desperately-seeking-serial.rst
2008-04-20 21:56:00,2008,484,constructive-criticism-re-our-nations-conveyances.rst
2008-04-23 11:14:00,2008,671,welcome-brother.rst
2008-04-24 11:36:00,2008,687,grocerynomics.rst
2008-04-30 11:06:00,2008,93,hate-twitter-spam.rst
2008-05-01 17:29:00,2008,429,aots-08.rst
2008-05-05 13:27:00,2008,538,chain-restaurants.rst
2008-05-05 18:01:00,2008,357,memristors.rst
2008-05-06 14:38:00,2008,181,superhero-miscellanea.rst
2008-05-07 09:06:00,2008,254,herd-shift.rst
2008-05-07 11:12:00,2008,816,my-led-monstrosity.rst
2008-05-07 13:22:00,2008,266,hacking-your-canon-point-shoot.rst
2008-05-09 13:47:00,2008,19,wow.rst
2008-05-09 16:57:00,2008,350,oh-npr.rst
2008-05-12 11:43:00,2008,311,recommended.rst
2008-05-13 16:58:00,2008,339,leaks.rst
2008-05-15 14:30:00,2008,1146,said-it-once-before-but-it-bears-repeating.rst
2008-05-16 12:16:00,2008,201,when-i-became-a-manboy.rst
2008-05-16 19:40:00,2008,7,okay.rst
2008-05-19 11:31:00,2008,218,i-love-iguitar.rst
2008-05-19 13:43:00,2008,93,machine-readable-genetic-grammar-architecting-for-dummies.rst
2008-05-19 15:50:00,2008,61,summer-may-not-be-cancelled-after-all.rst
2008-05-21 12:25:00,2008,413,toward-a-more-enlightened-vitriol.rst
2008-05-22 11:45:00,2008,454,i-made-a-movie.rst
2008-06-03 11:46:00,2008,99,back-2.rst
2008-06-03 11:54:00,2008,209,there-will-be-no-cessation-in-hostilities.rst
2008-06-04 12:34:00,2008,167,f-for-fake.rst
2008-06-04 14:03:00,2008,214,more-cheerfully.rst
2008-06-04 17:58:00,2008,647,new-and-better-ways-to-make-air-travel-worse.rst
2008-06-08 23:05:00,2008,340,rocked-wrecked-pleasantly-stationary.rst
2008-06-09 00:15:00,2008,771,greenness-easiness-thereof-christ-i-wish-there-was-another-possible-title.rst
2008-06-09 10:27:00,2008,250,great-advertisements-i-have-recently-known.rst
2008-06-10 15:22:00,2008,366,paragliding-has-been-tentatively-ruled-out.rst
2008-06-10 19:54:00,2008,611,fleischer-on-copyright.rst
2008-06-11 15:03:00,2008,76,tims-response.rst
2008-06-13 13:18:00,2008,611,the-internet-comes-in-waves.rst
2008-06-13 14:14:00,2008,24,im-collapsing-into-a-singularity.rst
2008-06-16 14:35:00,2008,144,coming-soon-as-an-impassioned-letter-in-wizard.rst
2008-06-16 15:24:00,2008,71,crocs-shoe-of-the-future.rst
2008-06-16 18:05:00,2008,65,real-talk.rst
2008-06-17 14:15:00,2008,423,electric-bikes-and-regenerative-braking.rst
2008-06-17 17:53:00,2008,11,magnets.rst
2008-06-18 01:23:00,2008,201,sorting-out-tricky-gender-equity-problems-in-under-four-paragraphs.rst
2008-06-18 11:12:00,2008,78,bananas.rst
2008-06-18 18:31:00,2008,350,mybikelane.rst
2008-06-19 11:36:00,2008,5,fairly-plausible.rst
2008-06-19 13:04:00,2008,127,the-em-brace.rst
2008-06-19 18:10:00,2008,163,sufficiently-insufficient.rst
2008-06-19 18:21:00,2008,119,speaking-of-hacks.rst
2008-06-23 11:36:00,2008,161,transparent-proxying-and-a-brief-allusion-to-lesbians.rst
2008-06-24 10:48:00,2008,173,579.rst
2008-06-24 11:41:00,2008,875,i-like-batteries-almost-as-much-as-magnets.rst
2008-06-24 14:45:00,2008,231,about-enough-of-this-crap.rst
2008-06-25 16:15:00,2008,288,people-who-understand-rock-and-roll.rst
2008-06-26 10:57:00,2008,391,nothing-sweet-where-you-hold-your-gun.rst
2008-06-26 15:14:00,2008,884,it-feels-like-my-nose-begins-here.rst
2008-06-26 17:56:00,2008,547,585.rst
2008-06-27 12:09:00,2008,26,embarrassing.rst
2008-06-27 16:20:00,2008,40,ever-cheaper.rst
2008-06-30 10:49:00,2008,564,nintendonomics.rst
2008-06-30 13:11:00,2008,5,tonight-gestures-fort-reno.rst
2008-06-30 14:00:00,2008,225,how-i-hope-to-have-spent-my-summer-vacation.rst
2008-06-30 18:00:00,2008,424,spook-country.rst
2008-07-01 11:15:00,2008,55,pop-quiz-hotshot.rst
2008-07-03 11:17:00,2008,182,brian.rst
2008-07-03 12:45:00,2008,103,in-advance-of-the-broken-arm-based-architecture.rst
2008-07-07 13:09:00,2008,240,back-from-caz.rst
2008-07-07 15:34:00,2008,167,city-veins-ft-reno.rst
2008-07-07 17:15:00,2008,209,trains-that-dont-stop.rst
2008-07-08 10:42:00,2008,115,in-a-continuing-series.rst
2008-07-09 11:03:00,2008,245,secure-those-networks.rst
2008-07-09 14:24:00,2008,4,the-funniest-phrase-you-will-read-on-the-internet-this-week.rst
2008-07-11 10:40:00,2008,185,distrust-your-technolust.rst
2008-07-11 14:35:00,2008,766,cooling-pcs-with-salad-dressing-and-magic.rst
2008-07-11 15:46:00,2008,32,intense.rst
2008-07-14 11:15:00,2008,233,today-in-blogs.rst
2008-07-14 12:20:00,2008,478,the-emerging-bus-nonconspiracy.rst
2008-07-15 12:33:00,2008,396,washcycle-on-jaybiking.rst
2008-07-16 12:55:00,2008,247,city-veins-black-cat.rst
2008-07-16 21:21:00,2008,122,two-thoughts-of-arguable-importance.rst
2008-07-17 11:32:00,2008,480,wii-minus-5-days.rst
2008-07-17 12:08:00,2008,100,bye-rob.rst
2008-07-17 16:28:00,2008,55,now-that-me-domains-are-available.rst
2008-07-17 16:44:00,2008,19,guess-where-im-glad-i-dont-live.rst
2008-07-21 12:40:00,2008,278,i-call-him-gamblor.rst
2008-07-23 00:09:00,2008,104,do-yourself-a-favor.rst
2008-07-23 10:17:00,2008,216,time-for-a-mystery.rst
2008-07-23 13:19:00,2008,499,sympathy-for-the-devil.rst
2008-07-23 15:11:00,2008,167,uncov-recovered.rst
2008-07-24 12:04:00,2008,69,chickenman.rst
2008-07-25 10:44:00,2008,88,ha-ha-holy-crap-thats-horrible.rst
2008-07-28 10:28:00,2008,512,the-dark-knight.rst
2008-07-28 13:36:00,2008,411,econ-had-better-start-working-before-someone-gets-hurt.rst
2008-07-28 17:11:00,2008,133,more-bars-in-more-places-no-matter-what.rst
2008-07-29 15:48:00,2008,248,623.rst
2008-07-29 22:38:00,2008,84,not-only-elitist-and-shameless-racist-too.rst
2008-07-30 09:28:00,2008,145,its-that-time-of-year.rst
2008-07-30 11:15:00,2008,552,against-phil.rst
2008-07-31 11:32:00,2008,232,the-weirding-way-to-better-brain-health.rst
2008-08-04 12:43:00,2008,659,that-jerk-in-warcraft-really-is-emblematic-of-mankinds-doom.rst
2008-08-04 14:53:00,2008,70,true-blood.rst
2008-08-04 15:51:00,2008,77,twitter-im-and-history-repeating-itself.rst
2008-08-04 16:13:00,2008,56,no-tween-market-exploitation-without-representation.rst
2008-08-05 13:55:00,2008,97,friends-doin-things.rst
2008-08-05 14:16:00,2008,403,bitching-about-townhouse.rst
2008-08-05 14:44:00,2008,51,more-reasons-to-love-registered-traveler.rst
2008-08-06 16:56:00,2008,439,sumwrongs-20-right-er-lets-say-moral-ambiguity.rst
2008-08-07 11:05:00,2008,140,take-that-ezra.rst
2008-08-07 11:31:00,2008,925,on-the-deadliness-of-the-boy-scout-experience.rst
2008-08-07 17:06:00,2008,13,missed-opportunities.rst
2008-08-07 22:53:00,2008,80,grudging-acceptance.rst
2008-08-08 12:15:00,2008,51,let-the-beat-roll-over.rst
2008-08-08 12:23:00,2008,76,i-guess-someone-still-buys-software.rst
2008-08-10 19:18:00,2008,44,things-said-so-often-during-olympic-telecasts-that-they-cannot-possibly-be-true.rst
2008-08-12 11:45:00,2008,128,yes-im-a-delicate-flower.rst
2008-08-12 12:56:00,2008,25,hold-steady.rst
2008-08-13 11:12:00,2008,667,oh-mt.rst
2008-08-13 17:17:00,2008,15,theyre-on-to-us-comrade.rst
2008-08-13 17:19:00,2008,109,not-to-jinx-it.rst
2008-08-14 11:01:00,2008,104,its-mostly-architectural-controversies-but-i-hear-they-lend-books-too.rst
2008-08-14 12:01:00,2008,96,goods-triumph.rst
2008-08-14 17:12:00,2008,148,we-will-not-speak-of-the-ketchup-chip.rst
2008-08-15 11:00:00,2008,443,if-she-says-we-partied-then-im-pretty-sure-we-partied.rst
2008-08-15 13:47:00,2008,65,savoring-every-drop-of-watchmen-related-media.rst
2008-08-18 13:01:00,2008,32,you-might-be-a-terrible-writer-if.rst
2008-08-19 17:17:00,2008,1003,more-of-one-thing-doesnt-mean-less-of-another.rst
2008-08-19 17:36:00,2008,54,and-now-to-completely-undercut-the-previous-post.rst
2008-08-19 17:40:00,2008,104,its-authenticity-day-at-manifest-density.rst
2008-08-19 21:25:00,2008,336,657.rst
2008-08-20 14:55:00,2008,621,there-is-no-better-battery.rst
2008-08-20 21:16:00,2008,146,nbc-forced-me-to-have-these-thoughts.rst
2008-08-21 11:17:00,2008,42,charles-was-in-an-alcohol-safety-video-once-you-know.rst
2008-08-21 11:21:00,2008,65,also-that-hungarians-elbow-thing-was-terrifying.rst
2008-08-27 14:19:00,2008,16,aspirations.rst
2008-08-29 16:51:00,2008,15,sarah-palin-tall.rst
2008-09-04 11:31:00,2008,306,nothing-to-see-here.rst
2008-09-09 21:20:00,2008,378,driving-and-drm.rst
2008-09-12 11:34:00,2008,379,we-really-are-doomed.rst
2008-09-15 11:02:00,2008,478,music-at-least-some-of-which-is-not-about-videogames.rst
2008-09-15 12:53:00,2008,234,oof.rst
2008-09-17 11:01:00,2008,289,today-in-misleading-science-news.rst
2008-09-17 19:04:00,2008,167,pulling-video-from-tivo.rst
2008-09-19 10:49:00,2008,36,craftsmanship.rst
2008-09-24 11:13:00,2008,75,city-veeeeeeins.rst
2008-09-24 11:20:00,2008,441,competitive-spookiness.rst
2008-09-26 11:38:00,2008,167,muxtape-mutates.rst
2008-09-26 11:53:00,2008,488,the-most-terrifying-thing-about-everything-is-how-much-of-it-there-is.rst
2008-09-29 14:42:00,2008,505,i-am-not-crazy.rst
2008-10-02 12:33:00,2008,147,incredulousness.rst
2008-10-02 12:57:00,2008,327,freetech-modchips.rst
2008-10-02 17:04:00,2008,43,emp-recognition-day.rst
2008-10-03 00:56:00,2008,174,okay-so-the-afl-cio-guy.rst
2008-10-03 15:53:00,2008,470,nucular-proliferation.rst
2008-10-03 16:30:00,2008,206,having-skimmed-techcrunch-for-a-year-does-not-constitute-a-technical-credential.rst
2008-10-06 14:32:00,2008,575,continuing-halloweeniana.rst
2008-10-07 16:51:00,2008,90,all-you-wanna-do-is-street-fight.rst
2008-10-08 11:18:00,2008,304,what.rst
2008-10-08 11:31:00,2008,317,childhood-terror.rst
2008-10-08 13:22:00,2008,279,the-pirate-threat-is-overstated-with-the-possible-exception-of-ghost-pirates.rst
2008-10-08 23:37:00,2008,136,smoke-machine-electronics-bleg.rst
2008-10-09 11:04:00,2008,71,this-blog-goes-negative.rst
2008-10-09 15:02:00,2008,56,vindication-2.rst
2008-10-10 11:54:00,2008,384,cutting-bottles-with-string-it-sort-of-works.rst
2008-10-14 12:17:00,2008,535,at-the-mercy-of-the-autobots.rst
2008-10-14 15:32:00,2008,111,author-unknown.rst
2008-10-20 10:56:00,2008,636,hello-there.rst
2008-10-20 16:10:00,2008,558,enough-and-then-somewhat-more-than-enough.rst
2008-10-21 10:22:00,2008,373,alliteration-would-be-taking-it-much-too-far.rst
2008-10-21 15:53:00,2008,266,beyond-midnight.rst
2008-10-21 20:04:00,2008,86,the-atlantics-wrestling-coverage-has-historically-been-somewhat-lacking.rst
2008-10-23 12:37:00,2008,1636,the-killer-app.rst
2008-10-23 13:38:00,2008,42,todays-spooky-story.rst
2008-10-23 14:33:00,2008,262,its-this-obscure-little-radio-show.rst
2008-10-23 18:31:00,2008,663,your-tv-shouldnt-be-yelling-at-you.rst
2008-10-24 14:31:00,2008,779,college-republicans.rst
2008-10-25 11:25:00,2008,75,ok-weird.rst
2008-10-27 14:26:00,2008,231,halloween-todays-the-day.rst
2008-10-27 14:36:00,2008,184,and-in-other-halloween-news.rst
2008-10-28 17:44:00,2008,437,still-not-good-enough.rst
2008-10-29 10:51:00,2008,89,the-stories.rst
2008-10-29 20:33:00,2008,14,the-true-meaning-of-halloween.rst
2008-11-03 12:15:00,2008,596,what-to-do-about-slightly-more-evil-versions-of-me.rst
2008-11-05 22:23:00,2008,270,between-the-click-of-the-light-and-the-start-of-the-dream.rst
2008-11-07 12:58:00,2008,92,other-peoples-money.rst
2008-11-08 14:30:00,2008,608,coloring-your-opinion.rst
2008-11-12 12:10:00,2008,320,the-post-kills-some-spammers.rst
2008-11-12 12:35:00,2008,29,speaking-of-the-internet-which-i-pretty-much-always-am.rst
2008-11-12 15:38:00,2008,361,mates-of-state.rst
2008-11-12 20:18:00,2008,57,ifa.rst
2008-11-12 20:21:00,2008,328,had-a-few-too-many-manhattans.rst
2008-11-19 11:20:00,2008,140,charts-graphs.rst
2008-11-19 12:19:00,2008,888,the-discerning-aesthetes-guide-to-media-designed-for-teenage-boys.rst
2008-11-19 20:55:00,2008,406,smuggling-varmints-unethically.rst
2008-11-25 11:26:00,2008,279,you-will-be-surprised-to-hear-that-i-enjoy-science-fiction-action-movies.rst
2008-11-29 13:14:00,2008,630,more-than-you-probably-care-to-know-about-my-dental-woes.rst
2008-12-05 16:16:00,2008,732,leaving-echoditto.rst
2008-12-11 15:31:00,2008,246,not-dead-yet-2.rst
2008-12-11 21:17:00,2008,591,its-fun-to-bray-at-the.rst
2008-12-12 12:49:00,2008,100,blago-you-know.rst
2008-12-16 11:42:00,2008,530,music-in-the-year-of-the-rat.rst
2008-12-16 12:51:00,2008,66,subsidyscope.rst
2008-12-16 15:01:00,2008,1441,metro-and-google.rst
2008-12-22 12:37:00,2008,197,treating-stupidity-with-the-seriousness-it-deserves.rst
2008-12-23 00:15:00,2008,75,iron-pour.rst
2008-12-23 10:41:00,2008,241,christmas-music.rst
2008-12-23 16:07:00,2008,1391,news-you-can-lose.rst
2008-12-25 01:01:00,2008,438,christmas-eve-in-the-drunk-tank-2.rst
2008-12-30 12:07:00,2008,48,prescience.rst
2008-12-30 12:08:00,2008,601,so-this-was-christmas.rst
2008-12-31 12:13:00,2008,1812,ads-intents-and-obsolescence.rst
2009-01-05 09:17:00,2009,9,one-for-me-one-for-you.rst
2009-01-06 09:23:00,2009,283,shamwow-indeed.rst
2009-01-06 21:41:00,2009,194,chick-lit.rst
2009-01-08 09:28:00,2009,1409,the-soapblox-soap-opera.rst
2009-01-12 11:42:00,2009,255,delta-dentals-delta-is-zero.rst
2009-01-16 09:14:00,2009,172,drupalcon.rst
2009-01-16 09:49:00,2009,522,745.rst
2009-01-16 14:34:00,2009,16,no-wammie-no-wammie-no-wammie-no-wait-what.rst
2009-01-20 14:26:00,2009,412,theres-an-inauguration-going-on-or-something.rst
2009-01-20 16:47:00,2009,1179,barack-obama-does-not-want-to-be-your-facebook-friend.rst
2009-01-27 15:36:00,2009,291,snow-day.rst
2009-01-27 15:55:00,2009,537,about-that-work.rst
2009-01-28 14:48:00,2009,655,wires-are-the-best.rst
2009-01-28 15:49:00,2009,30,things-that-should-be-obvious.rst
2009-01-29 09:19:00,2009,11,more-self-evident-declarations.rst
2009-01-31 16:50:00,2009,421,delicious-delicious-bailout.rst
2009-02-02 17:40:00,2009,4,fascinating.rst
2009-02-09 23:49:00,2009,24,elsewhere.rst
2009-02-09 23:51:00,2009,213,windmills-so-hot-right-now.rst
2009-02-13 11:39:00,2009,107,mojo-rising.rst
2009-02-16 14:49:00,2009,377,i-love-these-real-saturdays.rst
2009-02-17 22:10:00,2009,217,760.rst
2009-02-18 12:18:00,2009,287,ok-ill-bite.rst
2009-02-19 14:08:00,2009,464,jury-duty.rst
2009-02-20 14:55:00,2009,188,still-waiting-on-wombats.rst
2009-02-27 13:27:00,2009,213,two-transformer-plugs-one-too-late.rst
2009-03-04 13:26:00,2009,79,things-i-cant-stop-doing.rst
2009-03-04 13:38:00,2009,42,oh-yeah.rst
2009-03-04 13:43:00,2009,155,more-backlogged-blogging.rst
2009-03-05 17:53:00,2009,117,we-make-art-not-money.rst
2009-03-07 11:23:00,2009,178,live-nude-post-humans.rst
2009-03-14 15:54:00,2009,72,770.rst
2009-03-17 17:49:00,2009,309,i-do-love-conspiracies.rst
2009-03-22 14:33:00,2009,1143,ive-been-places.rst
2009-03-22 14:57:00,2009,180,making-excuses.rst
2009-03-22 15:09:00,2009,617,suggestions-for-learning-electronics.rst
2009-03-23 11:49:00,2009,374,wmata-data.rst
2009-03-25 14:18:00,2009,135,thermal-shock.rst
2009-03-26 10:42:00,2009,68,your-presence-is-requested.rst
2009-03-30 11:26:00,2009,142,woxy-growl-notifications.rst
2009-04-01 12:41:00,2009,4,dont-you-wish-you-knew-more-about-transistors.rst
2009-04-02 10:08:00,2009,239,gtfs-drudge-work.rst
2009-04-03 00:47:00,2009,309,impossible-hair-the-black-cat.rst
2009-04-03 01:00:00,2009,403,harlem-shakes.rst
2009-04-04 11:46:00,2009,138,rebranding-already.rst
2009-04-04 11:55:00,2009,189,shameless-non-self-promotion.rst
2009-04-04 12:07:00,2009,595,have-you-heard-of-this-twitter-thing.rst
2009-04-07 09:43:00,2009,98,sorry-about-the-error-messages.rst
2009-04-07 11:36:00,2009,147,like-the-commenter-said-fonally.rst
2009-04-07 13:13:00,2009,154,harlem-shakes-us.rst
2009-04-07 16:42:00,2009,220,fmylife.rst
2009-04-09 09:52:00,2009,515,the-growing-phonegap-gap.rst
2009-04-14 15:19:00,2009,618,talk-like-a-pirate-day-is-insufferable-but-for-entirely-different-reasons.rst
2009-04-17 10:23:00,2009,509,its-been-a-bad-week-for-pirates.rst
2009-04-19 10:35:00,2009,272,intermediate-work-product-woo.rst
2009-04-22 23:22:00,2009,204,the-impression-of-competence-is-easier-to-attain-and-nearly-as-good.rst
2009-04-27 12:18:00,2009,269,phb.rst
2009-04-28 14:29:00,2009,547,artomatic-update.rst
2009-04-29 17:10:00,2009,102,the-worst-part-is-that-the-jokes-are-already-tired-well-alright-not-the-worst-part.rst
2009-05-01 09:23:00,2009,93,this-is-getting-ridiculous.rst
2009-05-05 22:25:00,2009,436,i-been-on-the-teevee.rst
2009-05-05 23:00:00,2009,146,more-homebrew.rst
2009-05-05 23:28:00,2009,1284,artomatic-update-python-on-the-fonera.rst
2009-05-11 09:26:00,2009,419,giving-up-on-dd-wrt.rst
2009-05-11 09:54:00,2009,269,artomatic-update-horrible-stand-pun-here.rst
2009-05-20 13:29:00,2009,243,artomatic.rst
2009-06-02 11:32:00,2009,329,houstonians-are-weird.rst
2009-06-06 12:17:00,2009,257,important-questions.rst
2009-06-09 15:35:00,2009,821,i-have-opinions-about-the-new-iphone.rst
2009-06-10 00:00:00,2009,503,harlem-shakes-passion-pit.rst
2009-06-14 14:16:00,2009,697,the-uncannily-inefficient-valley.rst
2009-06-15 16:45:00,2009,300,i-only-favor-internet-triumphalism-when-its-about-non-proprietary-tech.rst
2009-06-15 20:32:00,2009,200,great-ways-to-watch-mediocre-television.rst
2009-06-16 09:47:00,2009,368,more-on-twitter-and-iran.rst
2009-06-19 11:42:00,2009,187,you-can-also-write-yes-please-under-sex.rst
2009-06-23 11:35:00,2009,438,two-cheers-for-egalitarianism.rst
2009-06-25 10:25:00,2009,130,bike-lawyers.rst
2009-06-26 12:35:00,2009,42,you-must-always-be-ready-to-be-suddenly-transported-back-to-arthurian-times.rst
2009-06-27 11:48:00,2009,732,smuggling-data-out-of-iran.rst
2009-06-29 12:05:00,2009,29,more-hand-wringing-over-twitter-now-with-a-borrowed-sense-of-legitimacy.rst
2009-07-01 22:00:00,2009,815,gtfs-and-nextbus-dont-match-up.rst
2009-07-02 16:01:00,2009,632,after-twitter.rst
2009-07-02 22:26:00,2009,224,some-nextbus-stats.rst
2009-07-06 11:10:00,2009,221,more-nextbussery.rst
2009-07-08 09:45:00,2009,428,tcpip-sanctions.rst
2009-07-08 23:54:00,2009,120,iphonenextbus-progress.rst
2009-07-14 10:34:00,2009,307,how-else-can-you-explain-carbon-fiber.rst
2009-07-16 14:38:00,2009,404,coal-is-a-much-better-bicyclist-than-you.rst
2009-07-19 22:17:00,2009,159,hello-world.rst
2009-07-22 11:58:00,2009,675,i-assume-that-ir-classes-already-discuss-the-iron-sheik.rst
2009-07-24 10:36:00,2009,544,idiotic-and-sympathetic-are-mutually-exclusive.rst
2009-07-24 11:32:00,2009,668,browser-to-iphone.rst
2009-07-24 15:32:00,2009,46,whoops-3.rst
2009-07-30 11:27:00,2009,106,data-points.rst
2009-07-31 11:08:00,2009,165,glamour-and-sophistication.rst
2009-08-04 10:23:00,2009,207,also-theres-already-a-really-good-django-search-plugin-using-that-name.rst
2009-08-04 18:56:00,2009,237,am-i-going-to-do-anything-more-with-nextbus.rst
2009-08-06 12:34:00,2009,123,finally-a-canonical-url-for-linking-to-the-guy.rst
2009-08-06 15:48:00,2009,463,die-mail-die.rst
2009-08-07 17:30:00,2009,1144,the-jersiest-place-on-earth.rst
2009-08-09 19:45:00,2009,1355,will-machines-render-low-skilled-workers-useless.rst
2009-08-10 11:52:00,2009,55,a-thousand-times-yes.rst
2009-08-10 17:39:00,2009,97,drunk-country.rst
2009-08-13 13:16:00,2009,21,sweeteners.rst
2009-08-14 13:04:00,2009,92,in-war-nobody-wins.rst
2009-08-18 10:14:00,2009,43,my-artomatic-piece-explained-finally.rst
2009-08-18 22:26:00,2009,1535,district-9-format-racism-games-and-movies.rst
2009-08-19 14:56:00,2009,359,more-robots.rst
2009-08-21 00:16:00,2009,159,julian-sanchez-on-the-strange-enthusiasm-for-net-neutrality.rst
2009-08-23 02:59:00,2009,331,despite-the-following-i-assure-you-that-i-am-an-adult-man.rst
2009-08-25 17:00:00,2009,128,pagination-on-the-awl.rst
2009-08-27 17:58:00,2009,38,tim-lee-on-newspapers.rst
2009-09-03 12:15:00,2009,270,968.rst
2009-09-04 15:24:00,2009,368,the-next-big-thing-artisanal-coffin-production.rst
2009-09-10 22:51:00,2009,501,making-redskins-radio-usably-portable.rst
2009-09-21 13:33:00,2009,241,periodic-existential-assertion.rst
2009-09-21 15:22:00,2009,240,that-was-quick.rst
2009-09-21 23:11:00,2009,1397,net-neutrality-forever-and-ever.rst
2009-09-24 11:07:00,2009,71,996.rst
2009-09-25 12:16:00,2009,589,selecting-a-compression-standard-for-arbitrary-data-also-arbitrary.rst
2009-09-27 20:59:00,2009,145,gunsmoke.rst
2009-09-28 12:51:00,2009,327,another-day-another-bad-wapo-op-ed.rst
2009-09-30 01:06:00,2009,441,the-quality-of-mercy-these-days.rst
2009-10-01 00:07:00,2009,382,the-pains-of-being-pure-at-heart.rst
2009-10-01 11:17:00,2009,88,1006.rst
2009-10-01 12:34:00,2009,52,did-you-have-that-same-backwards-talking-dream-with-flaming-cards.rst
2009-10-01 17:19:00,2009,748,lithium.rst
2009-10-05 15:29:00,2009,566,hatred-is-relative.rst
2009-10-12 22:03:00,2009,367,if-anyone-has-a-brilliant-idea-about-how-to-get-the-complete-staff-of-tsas-burligton-branch-fired.rst
2009-10-13 13:27:00,2009,116,is-it-really-this-hard.rst
2009-10-14 20:23:00,2009,310,guaranteed-broadband.rst
2009-10-15 23:29:00,2009,106,a-solution-to-listening-to-redskins-games-on-the-bus.rst
2009-10-19 17:01:00,2009,463,sticking-up-for-mad-science.rst
2009-10-20 17:03:00,2009,74,special-offer-still-abnormally-high-prices.rst
2009-10-21 20:12:00,2009,832,beeronomics.rst
2009-10-22 09:54:00,2009,129,i-consider-my-incorrect-semicolon-usage-a-political-act.rst
2009-10-22 10:51:00,2009,138,free-software.rst
2009-10-29 11:58:00,2009,462,lets-get-specific.rst
2009-11-03 13:05:00,2009,244,suddenly-it-was-november.rst
2009-11-09 13:30:00,2009,78,good-lord-but-its-a-beautiful-day-outside.rst
2009-11-16 15:40:00,2009,407,the-domestication-of-the-dog-continues-unabated.rst
2009-12-03 09:38:00,2009,307,studies-in-musical-jerkishness.rst
2009-12-03 17:18:00,2009,179,while-i-have-the-attention-of-the-internets-earnest-post-post-punks.rst
2009-12-04 16:22:00,2009,98,the-rational-justification-for-auction-sniping.rst
2009-12-06 23:02:00,2009,250,beating-up-on-donkey-rescuers-is-poor-form.rst
2009-12-07 14:18:00,2009,671,fear-of-a-black-hat.rst
2009-12-08 11:12:00,2009,21,a-beautiful-and-unique-snowflake.rst
2009-12-09 19:21:00,2009,294,home.rst
2009-12-18 16:39:00,2009,618,justifying-hatred-of-a-word.rst
2009-12-20 02:31:00,2009,409,avatar.rst
2009-12-21 12:44:00,2009,484,more-on-avatar.rst
2010-01-04 12:49:00,2010,329,being-back-at-my-desk-is-weird.rst
2010-01-04 13:23:00,2010,861,avatars-3d.rst
2010-01-06 13:28:00,2010,185,for-posterity.rst
2010-01-07 12:53:00,2010,143,linda-mcmahon.rst
2010-01-11 19:04:00,2010,413,the-daily-caller.rst
2010-01-12 12:12:00,2010,632,in-which-my-ignorance-of-finance-is-revealed.rst
2010-01-13 17:33:00,2010,601,donating-by-sms-is-like-ordering-room-service.rst
2010-01-20 12:32:00,2010,441,this-is-not-going-to-work.rst
2010-01-26 10:52:00,2010,569,my-ignorance-revealed-spending-freeze-edition.rst
2010-01-26 11:12:00,2010,34,google-and-verizon.rst
2010-01-27 18:29:00,2010,469,technology.rst
2010-01-29 11:50:00,2010,210,its-got-it-all.rst
2010-01-29 13:57:00,2010,1849,the-stack.rst
2010-02-02 16:02:00,2010,1296,the-wmatanextbus-contract.rst
2010-02-03 12:59:00,2010,104,technical-things-that-people-should-learn-how-to-do.rst
2010-02-09 17:43:00,2010,110,praise-but-i-intend-to-damn-some-more-later.rst
2010-02-10 16:31:00,2010,267,counterpoint-you-are-all-a-bunch-of-whiney-babies.rst
2010-02-11 15:03:00,2010,109,kriston-will-be-the-first-to-tell-you.rst
2010-02-11 15:27:00,2010,70,oh-yeah-2.rst
2010-02-11 16:46:00,2010,322,thoughts-on-buzz.rst
2010-02-12 02:16:00,2010,42,1267.rst
2010-02-15 23:57:00,2010,434,the-wolfman.rst
2010-02-16 11:12:00,2010,99,electronic-door-opening-excitement.rst
2010-02-16 11:35:00,2010,142,posts-i-am-not-qualified-to-write.rst
2010-02-16 19:57:00,2010,933,to-clarify.rst
2010-02-22 13:15:00,2010,258,1281.rst
2010-02-22 15:01:00,2010,222,1283.rst
2010-02-23 16:26:00,2010,160,fly-eagle-fly.rst
2010-02-23 19:35:00,2010,89,psa.rst
2010-02-24 09:07:00,2010,7,the-annotated-roundup.rst
2010-02-24 14:55:00,2010,278,exhausting.rst
2010-03-01 17:48:00,2010,109,soup-sandwich.rst
2010-03-02 11:21:00,2010,192,making-mintyboost.rst
2010-03-03 22:44:00,2010,16,im-starting-to-think-about-artomatic.rst
2010-03-05 12:22:00,2010,73,vacating.rst
2010-03-15 20:40:00,2010,166,back-3.rst
2010-03-15 22:18:00,2010,59,huh.rst
2010-03-16 13:03:00,2010,166,engineering-only-seems-cool-after-the-fact.rst
2010-03-17 01:27:00,2010,78,not-the-planetarium.rst
2010-03-18 14:07:00,2010,6,thoughts-on-costa-rican-food.rst
2010-03-18 14:23:00,2010,339,browser-warnings.rst
2010-03-18 16:01:00,2010,60,friendly-robots-picked-my-bracket.rst
2010-03-23 14:42:00,2010,267,on-my-mind.rst
2010-03-24 15:53:00,2010,773,they-call-it-wien-which-i-am-still-immature-enough-to-find-hilarious.rst
2010-03-25 14:06:00,2010,268,tbilisi.rst
2010-03-27 05:20:00,2010,161,still-here.rst
2010-03-27 16:17:00,2010,9,georgian-food.rst
2010-03-28 16:21:00,2010,114,im-reading-oscar-wao.rst
2010-04-02 14:17:00,2010,148,protip-be-fancy.rst
2010-04-03 14:17:00,2010,577,for-no-good-reason-this-is-making-me-angry-about-the-ipad.rst
2010-04-04 00:28:00,2010,12,trapeze.rst
2010-04-06 01:08:00,2010,973,surfing-in-costa-rica.rst
2010-04-07 10:46:00,2010,557,making-rumsfeld-look-like-a-techie-by-comparison.rst
2010-04-12 12:17:00,2010,757,early-avr-victory.rst
2010-04-13 13:34:00,2010,585,be-reasonable.rst
2010-04-14 10:31:00,2010,221,briefly-more-aggrieved-cyclist-blogging.rst
2010-04-14 10:40:00,2010,64,crunk-for-a-cause.rst
2010-04-21 17:35:00,2010,53,speaking-past-each-other.rst
2010-04-21 23:28:00,2010,342,unpopular-opinions-about-popular-music.rst
2010-04-22 00:16:00,2010,544,welding.rst
2010-04-23 11:00:00,2010,350,twitter-and-dmca-notices.rst
2010-04-23 13:20:00,2010,6,the-long-cyberwar.rst
2010-04-30 10:58:00,2010,417,roller-coaster-markets.rst
2010-04-30 10:59:00,2010,417,1507.rst
2010-04-30 15:40:00,2010,257,1456.rst
2010-05-04 11:13:00,2010,56,the-reaction-to-the-iphone-leak.rst
2010-05-05 13:24:00,2010,453,complaining-about-the-msm-is-so-old-electronic-media.rst
2010-05-12 14:12:00,2010,229,schadenfacebook.rst
2010-05-14 15:32:00,2010,217,sleigh-bells.rst
2010-06-06 13:19:00,2010,430,i-could-use-some-gmaps-help.rst
2010-06-10 11:13:00,2010,13,checking-in-on-twitter-and-iran.rst
2010-06-16 00:41:00,2010,449,anew.rst
2010-06-24 17:59:00,2010,199,tim-lee-on-professionalamateur-writing.rst
2010-07-19 10:56:00,2010,440,app-store-is-the-new-web-portal.rst
2010-07-28 10:13:00,2010,6,zittrain-found-elenasinbox-com-thought-provoking.rst
2010-07-31 01:05:00,2010,70,three-easy-pieces.rst
2010-08-20 10:43:00,2010,6,different-understandings-of-human-suffering.rst
2010-09-14 11:03:00,2010,420,haystack.rst
2010-09-26 16:04:00,2010,424,a-charlatan-friendly-ecosystem.rst
2010-10-04 11:21:00,2010,422,the-social-network.rst
2010-10-21 14:11:00,2010,630,yet-another-way-newspapers-are-doomed.rst
2010-10-31 20:26:00,2010,393,halloween-2010.rst
2010-11-27 02:32:00,2010,774,software-development-is-a-trade.rst
2010-12-02 12:21:00,2010,62,other-places.rst
2010-12-05 05:10:00,2010,975,more-efficiency-means-less-profit.rst
2010-12-13 12:10:00,2010,677,shell-scripts-work-better-than-giant-puppets.rst
2010-12-23 15:17:00,2010,538,when-to-be-pissed-off-at-an-airline.rst
2010-12-27 15:22:00,2010,698,another-tedious-bike-post.rst
2010-12-31 02:10:00,2010,283,dont-get-too-comfortable.rst
2011-01-08 17:51:00,2011,281,right-now-the-present-sucks-anyway.rst
2011-01-10 11:27:00,2011,225,david-wynn-miller.rst
2011-01-14 14:00:00,2011,935,everyone-has-a-right-to-their-beliefs.rst
2011-01-20 16:59:00,2011,7,economists-are-invited-to-tell-me-why-this-is-dumb.rst
2011-01-22 14:22:00,2011,1447,wakemate.rst
2011-02-01 12:30:00,2011,537,sometimes-minimalisms-too-simple.rst
2011-02-16 22:42:00,2011,1495,a-skeptic-is-an-activist-whos-been-mugged-by-the-huffpo-wellness-section.rst
2011-02-17 16:52:00,2011,337,ask-me-about-the-direction-finding-motors-i-keep-strapped-to-my-ankle.rst
2011-02-21 17:05:00,2011,13021,a-foreign-service-wife.rst
2011-03-13 14:49:00,2011,611,buy-now-pay-later.rst
2011-03-18 19:20:00,2011,324,important-rebecca-black-commentary.rst
2011-03-19 17:25:00,2011,525,stop-motion-shaving.rst
2011-04-09 10:14:00,2011,83,milestones.rst
2011-04-13 13:38:00,2011,215,banks-sure-are-jerks.rst
2011-05-16 12:09:00,2011,484,1760.rst
2011-05-17 11:46:00,2011,102,webplanner.rst
2011-05-25 14:50:00,2011,184,youll-be-fascinated-to-know-that-i-continue-to-disagree-with-slate-about-punctuation.rst
2011-06-18 16:00:00,2011,608,some-probably-dumb-thoughts-about-the-tenability-of-campaign-finance-laws.rst
2011-06-21 12:02:00,2011,702,a-couple-of-quick-responses.rst
2011-07-06 13:30:00,2011,5,1792.rst
2011-07-17 23:00:00,2011,347,1795.rst
2011-07-22 10:23:00,2011,751,big-data-and-doing-big-things.rst
2011-08-05 13:14:00,2011,1020,not-rocket-science.rst
2011-08-09 12:36:00,2011,132,beware-those-who-wield-pinch.rst
2011-08-30 09:39:00,2011,530,1811.rst
2011-09-19 12:40:00,2011,726,a-rare-opportunity.rst
2011-09-20 18:42:00,2011,956,no-seriously-cable-tv-is-terrible.rst
2011-09-28 11:05:00,2011,750,its-not-crazy-to-think-that-money-in-politics-is-a-problem.rst
2011-09-28 18:31:00,2011,37,more-about-gamification.rst
2011-10-02 14:36:00,2011,938,everyone-loves-reading-about-loan-guarantees.rst
2011-10-02 14:52:00,2011,155,ceilings-and-floors.rst
2011-10-04 17:59:00,2011,988,the-man-booker-prize-novels.rst
2011-10-05 23:33:00,2011,221,steve-jobs-was-crazy.rst
2011-10-30 20:47:00,2011,91,this-years-model.rst
2011-10-31 18:06:00,2011,1316,advanced-seltzer-engineering.rst
2011-11-02 10:29:00,2011,323,if-i-can-pester-you-about-just-one-obscure-topic-we-talk-about-at-work.rst
2011-11-06 19:57:00,2011,340,the-primal-mud-run.rst
2011-11-17 13:28:00,2011,466,yet-more-a-la-carte.rst
2011-12-18 21:13:00,2011,277,its-a-divide-all-right-but-its-not-all-that-digital.rst
2011-12-21 00:16:00,2011,290,well-that-was-much-harder-than-it-needed-to-be.rst
2011-12-22 19:36:00,2011,475,ge-color-effects-lights-logic-in-python.rst
2012-01-02 18:41:00,2012,6,ok-this-is-the-last-led-christmas-lights-video.rst
2012-01-16 12:31:00,2012,474,what-would-a-data-scientist-do-for-a-campaign-anyway.rst
2012-01-18 17:59:00,2012,276,its-probably-a-good-thing-but-its-at-least-a-little-scary.rst
2012-03-10 15:41:00,2012,455,sxsw-gloom.rst
2012-03-10 17:23:00,2012,42,sxsw-i-ate-some-tacos-2.rst
2012-03-10 18:12:00,2012,62,sxsw-honesty-in-open-gov-boosterism.rst
2012-03-11 12:55:00,2012,306,sxsw-lessons-from-the-distant-past.rst
2012-03-12 12:25:00,2012,112,sxsw-my-panel-is-over-where-are-the-margaritas.rst
2012-03-12 12:35:00,2012,221,lets-pause-and-promote-something-else-open-states.rst
2012-03-14 18:45:00,2012,1033,technology-and-humility.rst
2012-03-24 15:27:00,2012,93,congress-and-engineering.rst
2012-04-16 11:03:00,2012,310,cispa.rst
2012-04-17 19:40:00,2012,452,post-scarcity.rst
2012-04-18 20:19:00,2012,969,technology-is-driving-me-crazy.rst
2012-04-22 11:01:00,2012,528,its-not-all-bad-news.rst
2012-04-26 14:57:00,2012,195,sexism-is-a-problem-brogramming-is-not.rst
2012-05-08 11:22:00,2012,622,noncommercial-and-good-arent-the-same.rst
2012-05-10 10:48:00,2012,51,liner-notes-by-h-turtledove.rst
2012-05-11 13:59:00,2012,633,but-i-am-super-into-the-internet.rst
2012-05-13 10:56:00,2012,58,more-than-just-space-mirrors.rst
2012-05-15 18:44:00,2012,1884,unsolicited-advice.rst
2012-05-20 20:46:00,2012,466,artomatic-2012.rst
2012-05-24 23:42:00,2012,350,i-still-dont-like-sleigh-bells.rst
2012-06-25 21:36:00,2012,454,analytic-price-discrimination-is-becoming-a-real-pain-in-the-ass.rst
2012-07-05 14:46:00,2012,421,the-battle-for-the-irony-throne.rst
2012-07-07 15:18:00,2012,479,the-operation-was-a-complete-success.rst
2012-07-11 13:03:00,2012,1057,how-to-think-about-reboots.rst
2012-07-19 10:26:00,2012,363,stigmatizing-lobbying.rst
2012-07-22 18:06:00,2012,1358,science-continues-to-ruin-everything.rst
2012-08-16 11:49:00,2012,738,those-who-do-not-learn-from-history-are-active-on-kickstarter-apparently.rst
2012-08-19 12:17:00,2012,791,free-fall.rst
2012-08-20 14:19:00,2012,296,today-in-ruining-breaking-bad.rst
2012-08-20 18:34:00,2012,361,i-was-wrong-about-analytic-price-discrimination.rst
2012-09-08 12:50:00,2012,842,kickstarterism.rst
2012-09-29 16:59:00,2012,340,beautiful-and-fast.rst
2012-10-08 22:51:00,2012,877,the-2012-man-booker-novels-some-of-them-anyway.rst
2012-11-04 11:36:00,2012,1873,more-make-believe.rst
2012-11-07 13:03:00,2012,562,nate-silver-re-aggregator.rst
2012-11-20 12:29:00,2012,658,its-trolls-all-the-way-down.rst
2012-11-24 11:51:00,2012,368,2326.rst
2012-11-27 22:59:00,2012,26,2327.rst
2012-12-02 15:44:00,2012,52,2328.rst
2012-12-08 16:35:00,2012,413,a-poor-use-of-my-time.rst
2012-12-13 14:49:00,2012,598,apple-didnt-trick-google-into-making-better-ios-maps.rst
2012-12-15 15:48:00,2012,496,2329.rst
2012-12-21 00:18:00,2012,249,the-myth-of-american-decline.rst
2012-12-26 01:23:00,2012,77,this-seems-like-a-pretty-damn-good-question.rst
2012-12-26 17:39:00,2012,60,turings-cathedral.rst
2013-01-02 19:17:00,2013,638,fashion-is-everything.rst
2013-01-04 12:56:00,2013,102,snapchat.rst
2013-01-05 13:11:00,2013,11,2314.rst
2013-01-08 23:02:00,2013,934,2312-2.rst
2013-01-09 22:38:00,2013,37,2357.rst
2013-01-10 18:34:00,2013,655,ryan-avent-on-innovation.rst
2013-01-15 23:47:00,2013,354,book-review-tenth-of-december.rst
2013-01-16 10:40:00,2013,40,2369.rst
2013-01-18 18:41:00,2013,917,how-transparency-works.rst
2013-01-21 16:10:00,2013,5,2374.rst
2013-01-21 16:11:00,2013,5,2375.rst
2013-01-23 00:23:00,2013,602,2376.rst
2013-02-01 10:46:00,2013,3,2378.rst
2013-02-04 07:41:00,2013,7,2379.rst
2013-02-04 07:41:00,2013,7,2381.rst
2013-02-18 18:54:00,2013,65,2382.rst
2013-02-18 19:13:00,2013,116,2383.rst
2013-02-20 09:41:00,2013,25,2385.rst
2013-03-01 16:52:00,2013,516,book-review-vampires-in-the-lemon-grove.rst
2013-03-04 09:51:00,2013,3,2392.rst
2013-03-04 09:52:00,2013,16,2393.rst
2013-03-05 11:36:00,2013,7,2394.rst
2013-03-10 15:04:00,2013,1050,texameter.rst
2013-03-10 23:03:00,2013,8,2405.rst
2013-03-11 18:29:00,2013,741,aaron-swartzs-unfinished-book.rst
2013-03-21 09:50:00,2013,261,the-market-selects-for-hype.rst
2013-03-22 12:02:00,2013,279,2414.rst
2013-03-25 09:29:00,2013,3,2416.rst
2013-03-26 19:50:00,2013,7,2417.rst
2013-03-28 21:57:00,2013,8,2418.rst
2013-04-01 20:53:00,2013,327,the-other-case-for-twitter-snark.rst
2013-04-04 17:24:00,2013,3,2426.rst
2013-04-05 23:00:00,2013,286,crazy-people-recommended.rst
2013-04-21 15:41:00,2013,3,2434.rst
2013-04-21 16:17:00,2013,317,2435.rst
2013-04-22 13:28:00,2013,8,2436.rst
2013-04-24 13:38:00,2013,38,2437.rst
2013-04-24 13:38:00,2013,41,2452.rst
2013-04-26 11:45:00,2013,614,how-effective-are-evgeny-morozovs-google-alerts-anyway.rst
2013-05-02 18:43:00,2013,833,project-glass-is-scary-enough-to-deserve-some-respect.rst
2013-05-04 22:34:00,2013,49,book-reviews-incoming.rst
2013-05-04 22:37:00,2013,178,book-review-the-windup-girl.rst
2013-05-04 22:38:00,2013,240,book-review-the-left-hand-of-darkness.rst
2013-05-04 22:40:00,2013,329,book-review-the-idea-factory.rst
2013-05-04 22:42:00,2013,234,book-review-the-hitchhikers-guide-to-the-galaxy.rst
2013-05-14 19:30:00,2013,496,book-review-blindsigh.rst
2013-05-20 11:21:00,2013,1066,book-review-fortunes-formula.rst
2013-05-31 11:09:00,2013,366,lasercut-fingerjoint-enclosures-pictures-code.rst
2013-06-17 20:25:00,2013,512,pie-charts-are-fine-and-you-all-need-to-calm-down.rst
2013-06-22 20:05:00,2013,540,adding-airplay-to-a-sonos.rst
2013-07-05 14:34:00,2013,191,italo-calvino-on-the-lifecycle-of-social-networks.rst
2013-07-13 23:20:00,2013,20,book-review-posts-incoming.rst
2013-07-13 23:29:00,2013,539,book-review-alif-the-unseen.rst
2013-07-13 23:31:00,2013,234,book-review-nemesis.rst
2013-07-13 23:32:00,2013,190,book-review-foucaults-pendulum.rst
2013-07-13 23:32:00,2013,354,book-review-the-angels-game.rst
2013-07-13 23:34:00,2013,75,book-review-invisible-cities.rst
2013-07-14 22:47:00,2013,3,2577.rst
2013-07-15 10:03:00,2013,3,2578.rst
2013-07-28 16:52:00,2013,121,2580.rst
2013-07-28 18:42:00,2013,7,2581.rst
2013-07-28 18:43:00,2013,6,2582.rst
2013-07-29 16:35:00,2013,210,2584.rst
2013-08-05 08:05:00,2013,71,2587.rst
2013-08-14 23:04:00,2013,1344,tessel-arduino-raspberry-pi.rst
2013-08-17 12:13:00,2013,180,2598.rst
2013-08-18 16:32:00,2013,10,2599.rst
2013-09-04 09:24:00,2013,18,2601.rst
2013-09-10 13:13:00,2013,155,the-new-iphone-is-bad-news-for-the-quantified-self-movement.rst
2013-09-23 11:35:00,2013,134,humblebrag.rst
2013-10-05 14:13:00,2013,616,2615.rst
2013-10-12 21:18:00,2013,5,2616.rst
2013-10-14 21:42:00,2013,5,2617.rst
2013-10-15 00:56:00,2013,308,2618.rst
2013-10-17 10:56:00,2013,803,shutdown-post.rst
2013-10-21 10:43:00,2013,798,the-shutdown-was-a-bit-too-much-fun.rst
2013-10-27 19:52:00,2013,490,halloween-2013.rst
2013-10-27 23:09:00,2013,1804,diy-abominations.rst
2013-10-28 22:11:00,2013,13,2669.rst
2013-11-05 20:55:00,2013,13,2672.rst
2013-11-08 00:14:00,2013,6,2673.rst
2013-11-09 11:35:00,2013,6,2674.rst
2013-11-18 23:29:00,2013,7,2675.rst
2013-12-01 14:56:00,2013,685,using-raspberry-pi-and-a-vpn-to-avoid-sports-blackout-restrictions.rst
2013-12-02 19:56:00,2013,298,2681.rst
2013-12-09 16:47:00,2013,553,teaching-everyone-to-code-is-a-fine-idea.rst
2013-12-15 18:53:00,2013,230,2699.rst
2013-12-18 21:43:00,2013,6,2709.rst
2013-12-19 00:35:00,2013,1139,how-scared-should-you-be-of-your-webcam.rst
2013-12-27 18:14:00,2013,6,2711.rst
2013-12-27 18:53:00,2013,8,2712.rst
2013-12-28 22:11:00,2013,2231,my-dumb-raspberry-pi-powered-fantasy-football-trophy.rst
2014-01-06 10:56:00,2014,6,2727.rst
2014-01-06 10:56:00,2014,8,2739.rst
2014-01-06 11:27:00,2014,100,in-honor-of-ces.rst
2014-01-13 11:57:00,2014,1061,bangalore.rst
2014-01-21 01:47:00,2014,8,2740.rst
2014-01-22 02:44:00,2014,10,2741.rst
2014-01-23 10:34:00,2014,6,2742.rst
2014-01-23 10:34:00,2014,8,2743.rst
2014-01-29 19:07:00,2014,636,goa.rst
2014-02-03 23:01:00,2014,40,a-less-horrible-theme.rst
2014-02-09 12:48:00,2014,70,less-horrible-still.rst
2014-02-14 11:19:00,2014,333,flappy-bird-and-the-case-for-fads.rst
2014-03-18 12:40:00,2014,960,quis-custodiet-ipsos-chief-analytics-officers.rst
2014-03-20 10:16:00,2014,517,bracketography.rst
2014-04-14 10:27:00,2014,299,a-man-a-plan.rst
2014-05-20 21:27:00,2014,923,the-thing-about-the-internet-of-things.rst
2014-06-02 18:07:00,2014,1015,advice-for-an-aspiring-programmer.rst
2014-06-30 15:09:00,2014,233,arduino-class-notes.rst
2014-08-22 14:25:00,2014,1338,building-artificial-minds-is-going-to-be-the-most-important-thing-our-species-ever-does.rst
2014-09-02 15:08:00,2014,1576,2839.rst
2014-11-26 16:35:00,2014,334,2842.rst
2014-11-30 18:51:00,2014,1871,leds-for-halloween.rst
2014-12-01 11:54:00,2014,556,flickr-users-are-wrong.rst
2014-12-02 10:57:00,2014,304,genies-bottles-gps.rst
2014-12-06 13:21:00,2014,626,i-went-to-uva.rst
2014-12-21 12:49:00,2014,648,using-others-information.rst
2014-12-26 17:03:00,2014,37,terror-from-the-skies.rst
2014-12-27 10:22:00,2014,367,advertising-seems-hard.rst
2014-12-27 11:58:00,2014,781,2909.rst
2014-12-31 12:52:00,2014,362,badness.rst
2015-01-13 13:46:00,2015,365,lyrics-sites-are-still-kind-of-dumb.rst
2015-01-17 12:55:00,2015,1460,jury-duty-2.rst
2015-01-29 14:59:00,2015,507,2923.rst
2015-02-07 17:39:00,2015,42,2927.rst
2015-04-08 20:21:00,2015,699,dead-guys.rst
2015-04-27 15:05:00,2015,336,teens.rst
2015-06-23 14:54:00,2015,296,2950.rst
2015-06-30 21:55:00,2015,47,vpnwatcher-for-os-x.rst
2015-07-27 20:43:00,2015,693,rotation-is-great-but-someday-machines-will-do-something-else-itll-be-amazing.rst
2015-09-18 01:24:00,2015,858,ad-blockers-wont-be-a-big-deal.rst
2015-11-18 10:17:00,2015,1185,paris.rst
2015-12-22 15:40:00,2015,305,star-wars.rst
2016-04-04 21:49:00,2016,1268,be-gentle-to-servers-and-mean-to-lawyers.rst
2016-05-31 20:50:00,2016,43,iron-blogger.rst
2016-05-31 22:02:00,2016,1027,universal-basic-income.rst
2016-06-10 14:27:00,2016,370,3013.rst
2016-06-19 21:30:00,2016,718,fortress-shed.rst
2016-06-26 16:30:00,2016,586,century.rst
2016-07-10 20:46:00,2016,831,geocoding-your-way-to-a-great-vacation.rst
2016-07-31 16:49:00,2016,778,introductory-openstreetmap-politics.rst
2016-08-04 02:10:00,2016,68,black-hat-sessions-i-have-attended-translated-into-their-wizarding-equivalents.rst
2016-08-14 13:49:00,2016,1448,black-hat-and-def-con.rst
2016-09-14 23:36:00,2016,1322,airbnb.rst
2016-11-27 22:57:00,2016,861,i-watched-some-cbs-shows-and-you-should-probably-ignore-me.rst
2017-01-26 11:52:00,2017,125,bike-hack-night.rst
2017-04-19 10:31:00,2017,27,technology-religion-and-repeating-yourself.rst
2017-04-20 17:24:00,2017,295,diy-eye-fi-server-docker-flickr-all-sorts-of-good-stuff.rst
2017-04-21 11:59:00,2017,1278,neuralink-is-horrifying.rst
2017-04-28 12:27:00,2017,871,juicero-and-why-you-cant-just-buy-things-anymore.rst
2017-12-15 17:18:00,2017,701,spiraling-inward.rst
2018-01-05 23:30:00,2018,2060,twitter-should-ban-donald-trump.rst
2020-07-28 21:20:00,2020,522,jeffrey-armistead-lee.rst
2020-08-07 16:21:00,2020,46,build-an-iot-app-with-mapbox-apis-raspberry-pi-and-arduino.rst
2020-08-10 14:20:00,2020,3774,the-inspiring-power-of-bad-ideas.rst
2021-11-02 13:56:00,2021,3036,two-eulogies.rst
2021-11-23 15:54:00,2021,1641,good-reasons-for-thinking-crypto-is-bad.rst
2022-01-24 12:00:00,2022,2593,dcist.rst
2022-02-01 23:18:00,2022,3025,notes-on-becoming-a-home-automation-dad.rst
2022-04-30 11:19:00,2022,2450,rokos-blogalisk.rst
2022-08-08 13:54:00,2022,729,social-media-not-that-bad.rst
2022-08-10 15:39:00,2022,494,alberto-gaitan.rst
2022-10-03 17:00:00,2022,92,october-resolution.rst
2022-10-05 14:28:00,2022,790,texas-parcels.rst
2022-10-11 14:24:00,2022,1284,aniara.rst
2022-10-31 15:09:00,2022,496,the-house-of-endless-mourning-feat-the-harlem-globetrotters.rst
2022-12-12 12:56:00,2022,132,3388.rst
2022-12-13 14:00:00,2022,901,notes-on-a-scandal.rst
2023-01-27 16:16:00,2023,1089,who-will-be-ais-audience.rst
2023-02-03 15:00:00,2023,1619,fake-tags-are-a-real-problem.rst
2023-02-06 11:34:00,2023,265,more-on-facebook-marketplace-stolen-goods.rst
2023-03-09 12:57:00,2023,1197,fiction-publishing-sort-of-seems-like-a-scam.rst
2023-04-25 21:08:00,2023,1105,3466.rst
2023-05-09 09:40:00,2023,468,tim-lee-on-ai-takeover-risk.rst
2023-05-10 14:32:00,2023,832,3474.rst
2023-10-31 11:40:00,2023,469,halloween-2023.rst
2023-11-28 13:49:00,2023,1195,eating.rst
2024-01-29 12:30:00,2024,694,3486.rst
2024-03-13 13:16:00,2024,57,peloton-surgery.rst
2024-03-25 14:35:00,2024,227,asphalt.rst
2024-04-12 14:42:00,2024,2313,are-dcs-traffic-cameras-racist.rst
2024-04-13 13:31:00,2024,814,traffic-cameras-extended-edition.rst
2024-04-19 15:39:00,2024,506,3577.rst
2024-04-19 21:07:00,2024,1747,speed-cameras-legacy.rst
2024-07-17 11:31:00,2024,1737,petulance.rst
2024-08-13 11:07:00,2024,1562,llms-and-programming.rst
2024-08-26 11:44:00,2024,1337,price-discrimination.rst
2024-10-11 12:11:00,2024,857,ai-open-data.rst
2024-12-04 09:46:00,2024,1165,3650.rst
2024-12-04 14:18:00,2024,2151,bluesky-evil-wen.rst
2024-12-11 11:23:00,2024,742,narcissism-is-a-bad-reason-for-killing-people.rst
2025-02-18 16:23:00,2025,176,on-deep-research.rst
2025-03-12 09:44:00,2025,1193,near-term-ai-risks-come-into-focus.rst
2025-03-25 09:58:00,2025,1203,yes-transparency-is-annoying-that-doesnt-excuse-this-administrations-signal-fuckup.rst
2025-04-03 13:09:00,2025,1042,a-model-of-language-models.rst
2025-05-12 21:14:00,2025,1452,everyone-is-wrong-about-cbdcs-except-me.rst
2025-06-10 10:50:00,2025,1261,what-is-it-like-to-be-a-bot.rst
2025-11-25 12:24:00,2025,730,scouting-america-now-with-less-america.rst
2025-12-04 15:41:00,2025,3832,what-else-happened-to-civic-tech.rst
2025-12-05 11:31:00,2025,276,3749.rst
